title,description
"Lorem Ipsum","Lorem ipsum dolor sit amet, consectetur adipiscing elit."
"Sed ut perspiciatis","Sed ut perspiciatis unde omnis iste natus error sit voluptatem."
"Nulla facilisi","Nulla facilisi. In hac habitasse platea dictumst."
"Vestibulum ante ipsum","Vestibulum ante ipsum primis in faucibus orci luctus et ultrices posuere."
"Maecenas suscipit","Maecenas suscipit ex sit amet felis placerat fermentum."
"Quisque varius","Quisque varius dolor at turpis tincidunt, auctor ultricies."
"Aliquam erat volutpat","Aliquam erat volutpat. Integer ut mauris euismod, tincidunt."
"Duis ac turpis","Duis ac turpis nec nunc fermentum vehicula."
"Phasellus et massa","Phasellus et massa a lectus rhoncus scelerisque."
"Pellentesque habitant morbi","Pellentesque habitant morbi tristique senectus et netus et malesuada fames ac turpis egestas."
"Integer nec mauris","Integer nec mauris non mi dignissim posuere."
"Vivamus non justo","Vivamus non justo nec ex condimentum convallis."
"Etiam at odio","Etiam at odio nec nisi porta pharetra."
"Donec id sem","Donec id sem in ligula malesuada tempus."
"Curabitur euismod","Curabitur euismod justo sed semper mollis."
"Morbi nec est","Morbi nec est eget sapien pharetra tincidunt."
"Fusce sit amet","Fusce sit amet purus nec mi fringilla mattis."
"Vestibulum ante ipsum","Vestibulum ante ipsum primis in faucibus orci luctus et ultrices posuere."
"Nam tincidunt","Nam tincidunt arcu vitae augue tincidunt, sed tristique."
"Lorem ipsum dolor","Lorem ipsum dolor sit amet, consectetur adipiscing elit."
"Vivamus at eros","Vivamus at eros ac ipsum convallis ultricies."
"Aliquam erat volutpat","Aliquam erat volutpat. Integer ut mauris euismod, tincidunt."
"Nullam fringilla","Nullam fringilla turpis et nisi ultricies, in varius."
"Phasellus et massa","Phasellus et massa a lectus rhoncus scelerisque."
"Etiam auctor","Etiam auctor mi non libero ultricies, sed."
"Quisque varius","Quisque varius dolor at turpis tincidunt, auctor ultricies."
"Curabitur ornare","Curabitur ornare velit non augue lobortis, at."
"Suspendisse potenti","Suspendisse potenti. Nam at semper purus, eget."
"Vestibulum ante ipsum","Vestibulum ante ipsum primis in faucibus orci luctus et ultrices posuere."
"Maecenas suscipit","Maecenas suscipit ex sit amet felis placerat fermentum."
"Integer nec mauris","Integer nec mauris non mi dignissim posuere."
"Donec id sem","Donec id sem in ligula malesuada tempus."
"Vivamus non justo","Vivamus non justo nec ex condimentum convallis."
"Nam tincidunt","Nam tincidunt arcu vitae augue tincidunt, sed tristique."
"Nulla facilisi","Nulla facilisi. In hac habitasse platea dictumst."
"Morbi nec est","Morbi nec est eget sapien pharetra tincidunt."
"Fusce sit amet","Fusce sit amet purus nec mi fringilla mattis."
"Aliquam erat volutpat","Aliquam erat volutpat. Integer ut mauris euismod, tincidunt."
"Etiam at odio","Etiam at odio nec nisi porta pharetra."
"Phasellus et massa","Phasellus et massa a lectus rhoncus scelerisque."
"Vestibulum ante ipsum","Vestibulum ante ipsum primis in faucibus orci luctus et ultrices posuere."
"Curabitur euismod","Curabitur euismod justo sed semper mollis."
"Vivamus at eros","Vivamus at eros ac ipsum convallis ultricies."
"Nullam fringilla","Nullam fringilla turpis et nisi ultricies, in varius."
"Lorem ipsum dolor","Lorem ipsum dolor sit amet, consectetur adipiscing elit."
"Vestibulum ante ipsum","Vestibulum ante ipsum primis in faucibus orci luctus et ultrices posuere."
"Maecenas suscipit","Maecenas suscipit ex sit amet felis placerat fermentum."
"Nulla facilisi","Nulla facilisi. In hac habitasse platea dictumst."
"Morbi nec est","Morbi nec est eget sapien pharetra tincidunt."
"Fusce sit amet","Fusce sit amet purus nec mi fringilla mattis."
"Aliquam erat volutpat","Aliquam erat volutpat. Integer ut mauris euismod, tincidunt."
"Etiam at odio","Etiam at odio nec nisi porta pharetra."
"Phasellus et massa","Phasellus et massa a lectus rhoncus scelerisque."
"Vivamus non justo","Vivamus non justo nec ex condimentum convallis."
"Nam tincidunt","Nam tincidunt arcu vitae augue tincidunt, sed tristique."
"Lorem ipsum dolor","Lorem ipsum dolor sit amet, consectetur adipiscing elit."
"Vivamus at eros","Vivamus at eros ac ipsum convallis ultricies."
"Curabitur ornare","Curabitur ornare velit non augue lobortis, at."
"Suspendisse potenti","Suspendisse potenti. Nam at semper purus, eget."
"Vestibulum ante ipsum","Vestibulum ante ipsum primis in faucibus orci luctus et ultrices posuere."
"Maecenas suscipit","Maecenas suscipit ex sit amet felis placerat fermentum."
"Integer nec mauris","Integer nec mauris non mi dignissim posuere."
"Donec id sem","Donec id sem in ligula malesuada tempus."
"Vivamus non justo","Vivamus non justo nec ex condimentum convallis."
"Nam tincidunt","Nam tincidunt arcu vitae augue tincidunt, sed tristique."
"Nulla facilisi","Nulla facilisi. In hac habitasse platea dictumst."
"Morbi nec est","Morbi nec est eget sapien pharetra tincidunt."
"Fusce sit amet","Fusce sit amet purus nec mi fringilla mattis."
"Aliquam erat volutpat","Aliquam erat volutpat. Integer ut mauris euismod, tincidunt."
"Etiam auctor","Etiam auctor mi non libero ultricies, sed."
"Quisque varius","Quisque varius dolor at turpis tincidunt, auctor ultricies."
"Curabitur ornare","Curabitur ornare velit non augue lobortis, at."
"Suspendisse potenti","Suspendisse potenti. Nam at semper purus, eget."
